site_id,latitude,longitude,date,water_level_m,salinity_psu,redox_mv,temperature_c,carbon_flux_umol_m2_s,source
MARSH_A,38.86,-76.55,2026-04-01,0.3334,12.2904,149.244,13.0,0.99002,SYNTHETIC wetland teaching fixture
MARSH_A,38.86,-76.55,2026-04-02,0.3602,12.1987,144.062,13.267,0.91613,SYNTHETIC wetland teaching fixture
MARSH_A,38.86,-76.55,2026-04-03,0.3899,12.0483,139.485,13.533,1.1117,SYNTHETIC wetland teaching fixture
MARSH_A,38.86,-76.55,2026-04-04,0.411,11.2683,121.537,13.799,0.94251,SYNTHETIC wetland teaching fixture
MARSH_A,38.86,-76.55,2026-04-05,0.4396,11.1253,98.993,14.064,1.03921,SYNTHETIC wetland teaching fixture
MARSH_A,38.86,-76.55,2026-04-06,0.4391,11.7921,106.363,14.327,1.0304,SYNTHETIC wetland teaching fixture
MARSH_A,38.86,-76.55,2026-04-07,0.4618,12.0025,98.712,14.589,1.31713,SYNTHETIC wetland teaching fixture
MARSH_A,38.86,-76.55,2026-04-08,0.4596,11.071,91.941,14.85,1.20666,SYNTHETIC wetland teaching fixture
MARSH_A,38.86,-76.55,2026-04-09,0.5364,10.5197,79.637,15.108,1.19768,SYNTHETIC wetland teaching fixture
MARSH_A,38.86,-76.55,2026-04-10,0.5099,11.1958,71.944,15.364,1.25478,SYNTHETIC wetland teaching fixture
MARSH_A,38.86,-76.55,2026-04-11,0.4655,11.1706,120.861,15.618,1.15104,SYNTHETIC wetland teaching fixture
MARSH_A,38.86,-76.55,2026-04-12,0.4954,10.9786,100.008,15.868,1.09633,SYNTHETIC wetland teaching fixture
MARSH_A,38.86,-76.55,2026-04-13,0.4963,10.9599,103.663,16.115,1.18603,SYNTHETIC wetland teaching fixture
MARSH_A,38.86,-76.55,2026-04-14,0.5092,11.3455,87.419,16.359,1.0796,SYNTHETIC wetland teaching fixture
MARSH_A,38.86,-76.55,2026-04-15,0.534,10.545,80.824,16.599,1.34812,SYNTHETIC wetland teaching fixture
MARSH_A,38.86,-76.55,2026-04-16,0.499,11.1275,94.793,16.835,1.31303,SYNTHETIC wetland teaching fixture
MARSH_A,38.86,-76.55,2026-04-17,0.5165,11.4077,86.608,17.067,1.22848,SYNTHETIC wetland teaching fixture
MARSH_A,38.86,-76.55,2026-04-18,0.5006,10.9114,107.19,17.295,1.01564,SYNTHETIC wetland teaching fixture
MARSH_A,38.86,-76.55,2026-04-19,0.4684,11.0171,114.525,17.517,1.17293,SYNTHETIC wetland teaching fixture
MARSH_A,38.86,-76.55,2026-04-20,0.471,11.601,133.363,17.735,1.08285,SYNTHETIC wetland teaching fixture
MARSH_A,38.86,-76.55,2026-04-21,0.4662,11.0666,113.919,17.947,1.27483,SYNTHETIC wetland teaching fixture
MARSH_A,38.86,-76.55,2026-04-22,0.4396,11.8124,114.44,18.154,1.18566,SYNTHETIC wetland teaching fixture
MARSH_A,38.86,-76.55,2026-04-23,0.3943,11.9594,118.068,18.355,1.14219,SYNTHETIC wetland teaching fixture
MARSH_A,38.86,-76.55,2026-04-24,0.3787,12.0438,129.64,18.55,1.07722,SYNTHETIC wetland teaching fixture
MARSH_A,38.86,-76.55,2026-04-25,0.3817,11.9605,130.074,18.739,1.17404,SYNTHETIC wetland teaching fixture
MARSH_A,38.86,-76.55,2026-04-26,0.325,11.9227,141.215,18.921,1.16871,SYNTHETIC wetland teaching fixture
MARSH_A,38.86,-76.55,2026-04-27,0.3215,12.8925,158.039,19.097,1.10672,SYNTHETIC wetland teaching fixture
MARSH_A,38.86,-76.55,2026-04-28,0.3094,12.049,141.885,19.267,1.2055,SYNTHETIC wetland teaching fixture
MARSH_A,38.86,-76.55,2026-04-29,0.3091,12.6471,166.138,19.429,1.09473,SYNTHETIC wetland teaching fixture
MARSH_A,38.86,-76.55,2026-04-30,0.2394,13.3725,178.354,19.584,1.0921,SYNTHETIC wetland teaching fixture
MARSH_A,38.86,-76.55,2026-05-01,0.2554,13.2732,182.383,19.732,1.17244,SYNTHETIC wetland teaching fixture
MARSH_A,38.86,-76.55,2026-05-02,0.2346,12.6981,197.881,19.872,1.08794,SYNTHETIC wetland teaching fixture
MARSH_A,38.86,-76.55,2026-05-03,0.2059,13.5023,172.456,20.005,1.07989,SYNTHETIC wetland teaching fixture
MARSH_A,38.86,-76.55,2026-05-04,0.2076,13.3327,196.365,20.13,1.22382,SYNTHETIC wetland teaching fixture
MARSH_A,38.86,-76.55,2026-05-05,0.1995,13.872,204.204,20.247,1.08693,SYNTHETIC wetland teaching fixture
MARSH_A,38.86,-76.55,2026-05-06,0.1808,13.3097,200.237,20.356,1.19495,SYNTHETIC wetland teaching fixture
MARSH_A,38.86,-76.55,2026-05-07,0.163,13.3622,179.485,20.456,1.05162,SYNTHETIC wetland teaching fixture
MARSH_A,38.86,-76.55,2026-05-08,0.1835,13.532,204.92,20.549,1.17226,SYNTHETIC wetland teaching fixture
MARSH_A,38.86,-76.55,2026-05-09,0.2345,13.5464,168.288,20.633,1.2413,SYNTHETIC wetland teaching fixture
MARSH_A,38.86,-76.55,2026-05-10,0.1917,13.8844,190.812,20.708,1.21122,SYNTHETIC wetland teaching fixture
MARSH_A,38.86,-76.55,2026-05-11,0.2208,13.1301,188.587,20.776,1.09951,SYNTHETIC wetland teaching fixture
MARSH_A,38.86,-76.55,2026-05-12,0.2341,13.3723,177.349,20.834,1.13381,SYNTHETIC wetland teaching fixture
MARSH_A,38.86,-76.55,2026-05-13,0.2751,12.1138,170.557,20.884,1.28428,SYNTHETIC wetland teaching fixture
MARSH_A,38.86,-76.55,2026-05-14,0.3479,11.8604,152.747,20.925,1.35925,SYNTHETIC wetland teaching fixture
MARSH_A,38.86,-76.55,2026-05-15,0.4012,11.5135,109.141,20.957,1.41709,SYNTHETIC wetland teaching fixture
MARSH_A,38.86,-76.55,2026-05-16,0.5252,10.9091,87.147,20.98,1.38736,SYNTHETIC wetland teaching fixture
MARSH_A,38.86,-76.55,2026-05-17,0.6174,9.6616,39.011,20.994,1.38897,SYNTHETIC wetland teaching fixture
MARSH_A,38.86,-76.55,2026-05-18,0.6547,10.255,47.182,21.0,1.41732,SYNTHETIC wetland teaching fixture
MARSH_A,38.86,-76.55,2026-05-19,0.6818,10.2863,44.267,20.997,1.46646,SYNTHETIC wetland teaching fixture
MARSH_A,38.86,-76.55,2026-05-20,0.7286,8.9399,-3.885,20.984,1.58026,SYNTHETIC wetland teaching fixture
MARSH_A,38.86,-76.55,2026-05-21,0.6742,9.1811,61.583,20.963,1.40614,SYNTHETIC wetland teaching fixture
MARSH_A,38.86,-76.55,2026-05-22,0.6433,9.7475,37.186,20.933,1.28933,SYNTHETIC wetland teaching fixture
MARSH_A,38.86,-76.55,2026-05-23,0.599,10.1968,55.47,20.895,1.44696,SYNTHETIC wetland teaching fixture
MARSH_A,38.86,-76.55,2026-05-24,0.574,10.9666,78.029,20.847,1.14228,SYNTHETIC wetland teaching fixture
MARSH_A,38.86,-76.55,2026-05-25,0.4989,11.405,112.552,20.791,1.39448,SYNTHETIC wetland teaching fixture
MARSH_A,38.86,-76.55,2026-05-26,0.5181,10.6133,89.043,20.726,1.23786,SYNTHETIC wetland teaching fixture
MARSH_A,38.86,-76.55,2026-05-27,0.4773,11.6168,90.473,20.652,1.39821,SYNTHETIC wetland teaching fixture
MARSH_A,38.86,-76.55,2026-05-28,0.5263,11.1411,89.814,20.57,1.25651,SYNTHETIC wetland teaching fixture
MARSH_A,38.86,-76.55,2026-05-29,0.4674,10.7582,107.639,20.48,1.30771,SYNTHETIC wetland teaching fixture
MARSH_A,38.86,-76.55,2026-05-30,0.5359,11.5105,106.062,20.381,1.22398,SYNTHETIC wetland teaching fixture
MARSH_A,38.86,-76.55,2026-05-31,0.5145,10.7272,97.391,20.274,1.2538,SYNTHETIC wetland teaching fixture
MARSH_A,38.86,-76.55,2026-06-01,0.5233,10.9557,90.377,20.159,1.3066,SYNTHETIC wetland teaching fixture
MARSH_A,38.86,-76.55,2026-06-02,0.5143,11.0311,86.472,20.036,1.34026,SYNTHETIC wetland teaching fixture
MARSH_A,38.86,-76.55,2026-06-03,0.4888,11.33,85.683,19.906,1.34798,SYNTHETIC wetland teaching fixture
MARSH_A,38.86,-76.55,2026-06-04,0.5498,10.0887,71.739,19.767,1.30498,SYNTHETIC wetland teaching fixture
MARSH_A,38.86,-76.55,2026-06-05,0.5291,10.6326,82.022,19.621,1.27439,SYNTHETIC wetland teaching fixture
MARSH_A,38.86,-76.55,2026-06-06,0.527,11.334,94.134,19.468,1.17248,SYNTHETIC wetland teaching fixture
MARSH_A,38.86,-76.55,2026-06-07,0.4692,11.2951,107.561,19.307,1.19829,SYNTHETIC wetland teaching fixture
MARSH_A,38.86,-76.55,2026-06-08,0.4813,11.4889,107.461,19.14,1.22121,SYNTHETIC wetland teaching fixture
MARSH_A,38.86,-76.55,2026-06-09,0.4465,11.6965,111.966,18.966,1.28365,SYNTHETIC wetland teaching fixture
MARSH_A,38.86,-76.55,2026-06-10,0.4554,11.1948,105.786,18.785,1.22939,SYNTHETIC wetland teaching fixture
MARSH_A,38.86,-76.55,2026-06-11,0.4604,10.494,95.081,18.597,1.19738,SYNTHETIC wetland teaching fixture
MARSH_A,38.86,-76.55,2026-06-12,0.3786,11.905,144.472,18.404,1.21167,SYNTHETIC wetland teaching fixture
MARSH_A,38.86,-76.55,2026-06-13,0.3854,12.545,133.756,18.204,1.11266,SYNTHETIC wetland teaching fixture
MARSH_A,38.86,-76.55,2026-06-14,0.3756,11.5525,131.892,17.999,1.1885,SYNTHETIC wetland teaching fixture
MARSH_A,38.86,-76.55,2026-06-15,0.361,12.4589,121.42,17.788,1.18786,SYNTHETIC wetland teaching fixture
MARSH_A,38.86,-76.55,2026-06-16,0.3534,12.5631,134.748,17.572,1.1212,SYNTHETIC wetland teaching fixture
MARSH_A,38.86,-76.55,2026-06-17,0.3186,11.7726,146.863,17.35,1.15448,SYNTHETIC wetland teaching fixture
MARSH_A,38.86,-76.55,2026-06-18,0.2825,12.7412,164.422,17.124,1.17541,SYNTHETIC wetland teaching fixture
MARSH_A,38.86,-76.55,2026-06-19,0.2567,13.2068,162.926,16.893,1.03927,SYNTHETIC wetland teaching fixture
MARSH_A,38.86,-76.55,2026-06-20,0.244,13.0213,170.0,16.658,1.1537,SYNTHETIC wetland teaching fixture
MARSH_A,38.86,-76.55,2026-06-21,0.2114,13.2813,174.233,16.419,0.97722,SYNTHETIC wetland teaching fixture
MARSH_A,38.86,-76.55,2026-06-22,0.2358,13.3328,177.843,16.176,0.99435,SYNTHETIC wetland teaching fixture
MARSH_A,38.86,-76.55,2026-06-23,0.1975,13.1268,186.361,15.93,1.02072,SYNTHETIC wetland teaching fixture
MARSH_A,38.86,-76.55,2026-06-24,0.2052,13.5151,179.479,15.68,1.09345,SYNTHETIC wetland teaching fixture
MARSH_A,38.86,-76.55,2026-06-25,0.177,13.7293,210.758,15.427,0.87077,SYNTHETIC wetland teaching fixture
MARSH_A,38.86,-76.55,2026-06-26,0.1775,12.9627,218.431,15.172,0.80742,SYNTHETIC wetland teaching fixture
MARSH_A,38.86,-76.55,2026-06-27,0.1833,13.3599,191.242,14.914,0.99568,SYNTHETIC wetland teaching fixture
MARSH_A,38.86,-76.55,2026-06-28,0.1791,14.3871,213.078,14.654,0.90911,SYNTHETIC wetland teaching fixture
MARSH_A,38.86,-76.55,2026-06-29,0.1859,13.4784,185.523,14.392,0.8446,SYNTHETIC wetland teaching fixture
MARSH_B,38.875,-76.568,2026-04-01,0.4762,11.5348,109.743,13.0,1.09527,SYNTHETIC wetland teaching fixture
MARSH_B,38.875,-76.568,2026-04-02,0.4985,11.9705,103.237,13.267,0.98816,SYNTHETIC wetland teaching fixture
MARSH_B,38.875,-76.568,2026-04-03,0.5165,11.6847,107.183,13.533,1.05254,SYNTHETIC wetland teaching fixture
MARSH_B,38.875,-76.568,2026-04-04,0.5592,11.7972,74.263,13.799,1.12825,SYNTHETIC wetland teaching fixture
MARSH_B,38.875,-76.568,2026-04-05,0.4895,11.9074,96.889,14.064,1.11054,SYNTHETIC wetland teaching fixture
MARSH_B,38.875,-76.568,2026-04-06,0.4761,11.9223,99.03,14.327,1.04019,SYNTHETIC wetland teaching fixture
MARSH_B,38.875,-76.568,2026-04-07,0.5396,11.7162,72.284,14.589,1.2051,SYNTHETIC wetland teaching fixture
MARSH_B,38.875,-76.568,2026-04-08,0.5504,10.9485,79.214,14.85,1.20832,SYNTHETIC wetland teaching fixture
MARSH_B,38.875,-76.568,2026-04-09,0.517,11.6674,89.09,15.108,1.09209,SYNTHETIC wetland teaching fixture
MARSH_B,38.875,-76.568,2026-04-10,0.5232,11.709,76.873,15.364,1.16196,SYNTHETIC wetland teaching fixture
MARSH_B,38.875,-76.568,2026-04-11,0.5312,11.561,83.016,15.618,1.14588,SYNTHETIC wetland teaching fixture
MARSH_B,38.875,-76.568,2026-04-12,0.5189,11.5767,76.852,15.868,1.15365,SYNTHETIC wetland teaching fixture
MARSH_B,38.875,-76.568,2026-04-13,0.5086,11.8079,90.96,16.115,1.2126,SYNTHETIC wetland teaching fixture
MARSH_B,38.875,-76.568,2026-04-14,0.4923,12.807,100.301,16.359,1.17704,SYNTHETIC wetland teaching fixture
MARSH_B,38.875,-76.568,2026-04-15,0.4674,12.3233,116.459,16.599,1.16556,SYNTHETIC wetland teaching fixture
MARSH_B,38.875,-76.568,2026-04-16,0.4496,12.6507,100.846,16.835,1.16302,SYNTHETIC wetland teaching fixture
MARSH_B,38.875,-76.568,2026-04-17,0.4442,12.7758,103.375,17.067,1.27552,SYNTHETIC wetland teaching fixture
MARSH_B,38.875,-76.568,2026-04-18,0.3841,13.1566,118.473,17.295,1.07793,SYNTHETIC wetland teaching fixture
MARSH_B,38.875,-76.568,2026-04-19,0.3596,12.6158,144.797,17.517,1.15773,SYNTHETIC wetland teaching fixture
MARSH_B,38.875,-76.568,2026-04-20,0.3594,13.4309,148.082,17.735,1.14188,SYNTHETIC wetland teaching fixture
MARSH_B,38.875,-76.568,2026-04-21,0.3593,13.2667,110.854,17.947,1.05616,SYNTHETIC wetland teaching fixture
MARSH_B,38.875,-76.568,2026-04-22,0.3219,12.8076,162.436,18.154,1.12896,SYNTHETIC wetland teaching fixture
MARSH_B,38.875,-76.568,2026-04-23,0.3123,13.783,176.634,18.355,1.12619,SYNTHETIC wetland teaching fixture
MARSH_B,38.875,-76.568,2026-04-24,0.2344,14.7924,187.601,18.55,1.2177,SYNTHETIC wetland teaching fixture
MARSH_B,38.875,-76.568,2026-04-25,0.2331,14.4431,172.466,18.739,1.10984,SYNTHETIC wetland teaching fixture
MARSH_B,38.875,-76.568,2026-04-26,0.2083,14.1385,188.39,18.921,1.05043,SYNTHETIC wetland teaching fixture
MARSH_B,38.875,-76.568,2026-04-27,0.2173,14.4751,156.555,19.097,1.10351,SYNTHETIC wetland teaching fixture
MARSH_B,38.875,-76.568,2026-04-28,0.2281,14.054,190.547,19.267,0.98848,SYNTHETIC wetland teaching fixture
MARSH_B,38.875,-76.568,2026-04-29,0.2131,14.6156,185.082,19.429,1.24322,SYNTHETIC wetland teaching fixture
MARSH_B,38.875,-76.568,2026-04-30,0.1796,14.9214,186.289,19.584,1.13093,SYNTHETIC wetland teaching fixture
MARSH_B,38.875,-76.568,2026-05-01,0.1723,14.0154,202.21,19.732,1.07653,SYNTHETIC wetland teaching fixture
MARSH_B,38.875,-76.568,2026-05-02,0.2064,14.1922,193.48,19.872,1.20678,SYNTHETIC wetland teaching fixture
MARSH_B,38.875,-76.568,2026-05-03,0.1921,13.9249,198.203,20.005,1.10258,SYNTHETIC wetland teaching fixture
MARSH_B,38.875,-76.568,2026-05-04,0.1563,15.2479,211.696,20.13,1.16828,SYNTHETIC wetland teaching fixture
MARSH_B,38.875,-76.568,2026-05-05,0.1949,14.5247,184.144,20.247,1.09444,SYNTHETIC wetland teaching fixture
MARSH_B,38.875,-76.568,2026-05-06,0.1818,14.9558,220.52,20.356,0.94112,SYNTHETIC wetland teaching fixture
MARSH_B,38.875,-76.568,2026-05-07,0.2052,14.5554,200.736,20.456,1.09267,SYNTHETIC wetland teaching fixture
MARSH_B,38.875,-76.568,2026-05-08,0.2311,14.516,197.897,20.549,0.97144,SYNTHETIC wetland teaching fixture
MARSH_B,38.875,-76.568,2026-05-09,0.2005,14.7525,184.288,20.633,1.24096,SYNTHETIC wetland teaching fixture
MARSH_B,38.875,-76.568,2026-05-10,0.2338,14.5394,192.889,20.708,1.12322,SYNTHETIC wetland teaching fixture
MARSH_B,38.875,-76.568,2026-05-11,0.3367,13.2072,153.994,20.776,1.22937,SYNTHETIC wetland teaching fixture
MARSH_B,38.875,-76.568,2026-05-12,0.3343,13.2012,131.5,20.834,1.04366,SYNTHETIC wetland teaching fixture
MARSH_B,38.875,-76.568,2026-05-13,0.3802,12.8784,144.3,20.884,1.32684,SYNTHETIC wetland teaching fixture
MARSH_B,38.875,-76.568,2026-05-14,0.4252,12.6647,120.46,20.925,1.30557,SYNTHETIC wetland teaching fixture
MARSH_B,38.875,-76.568,2026-05-15,0.5373,11.7135,57.121,20.957,1.47328,SYNTHETIC wetland teaching fixture
MARSH_B,38.875,-76.568,2026-05-16,0.6536,11.0571,34.274,20.98,1.55305,SYNTHETIC wetland teaching fixture
MARSH_B,38.875,-76.568,2026-05-17,0.739,9.9318,14.495,20.994,1.44509,SYNTHETIC wetland teaching fixture
MARSH_B,38.875,-76.568,2026-05-18,0.8395,9.2293,-38.777,21.0,1.73947,SYNTHETIC wetland teaching fixture
MARSH_B,38.875,-76.568,2026-05-19,0.831,9.2896,-15.142,20.997,1.72762,SYNTHETIC wetland teaching fixture
MARSH_B,38.875,-76.568,2026-05-20,0.8624,8.6571,-24.17,20.984,1.51202,SYNTHETIC wetland teaching fixture
MARSH_B,38.875,-76.568,2026-05-21,0.807,9.8835,-11.617,20.963,1.65923,SYNTHETIC wetland teaching fixture
MARSH_B,38.875,-76.568,2026-05-22,0.7351,10.767,38.415,20.933,1.51372,SYNTHETIC wetland teaching fixture
MARSH_B,38.875,-76.568,2026-05-23,0.6878,9.8862,32.373,20.895,1.40748,SYNTHETIC wetland teaching fixture
MARSH_B,38.875,-76.568,2026-05-24,0.6451,10.5169,62.065,20.847,1.47546,SYNTHETIC wetland teaching fixture
MARSH_B,38.875,-76.568,2026-05-25,0.6008,11.1825,69.498,20.791,1.43183,SYNTHETIC wetland teaching fixture
MARSH_B,38.875,-76.568,2026-05-26,0.5757,11.7012,53.503,20.726,1.51779,SYNTHETIC wetland teaching fixture
MARSH_B,38.875,-76.568,2026-05-27,0.5578,11.4033,58.634,20.652,1.39793,SYNTHETIC wetland teaching fixture
MARSH_B,38.875,-76.568,2026-05-28,0.5891,11.4955,60.273,20.57,1.39541,SYNTHETIC wetland teaching fixture
MARSH_B,38.875,-76.568,2026-05-29,0.5538,11.496,60.681,20.48,1.47211,SYNTHETIC wetland teaching fixture
MARSH_B,38.875,-76.568,2026-05-30,0.5245,11.5173,92.903,20.381,1.4719,SYNTHETIC wetland teaching fixture
MARSH_B,38.875,-76.568,2026-05-31,0.5221,11.8544,101.195,20.274,1.22877,SYNTHETIC wetland teaching fixture
MARSH_B,38.875,-76.568,2026-06-01,0.487,11.8991,91.015,20.159,1.3694,SYNTHETIC wetland teaching fixture
MARSH_B,38.875,-76.568,2026-06-02,0.5154,11.454,95.428,20.036,1.29356,SYNTHETIC wetland teaching fixture
MARSH_B,38.875,-76.568,2026-06-03,0.4669,12.0305,112.296,19.906,1.14332,SYNTHETIC wetland teaching fixture
MARSH_B,38.875,-76.568,2026-06-04,0.479,12.5737,99.972,19.767,1.26368,SYNTHETIC wetland teaching fixture
MARSH_B,38.875,-76.568,2026-06-05,0.4544,12.2529,118.239,19.621,1.253,SYNTHETIC wetland teaching fixture
MARSH_B,38.875,-76.568,2026-06-06,0.4291,11.9251,111.699,19.468,1.36001,SYNTHETIC wetland teaching fixture
MARSH_B,38.875,-76.568,2026-06-07,0.4174,12.4308,120.525,19.307,1.27291,SYNTHETIC wetland teaching fixture
MARSH_B,38.875,-76.568,2026-06-08,0.4034,12.5045,111.904,19.14,1.30547,SYNTHETIC wetland teaching fixture
MARSH_B,38.875,-76.568,2026-06-09,0.3587,13.8462,137.858,18.966,1.0764,SYNTHETIC wetland teaching fixture
MARSH_B,38.875,-76.568,2026-06-10,0.3609,13.1146,131.475,18.785,1.18584,SYNTHETIC wetland teaching fixture
MARSH_B,38.875,-76.568,2026-06-11,0.3226,13.259,181.971,18.597,1.26873,SYNTHETIC wetland teaching fixture
MARSH_B,38.875,-76.568,2026-06-12,0.3061,14.0985,135.308,18.404,1.15922,SYNTHETIC wetland teaching fixture
MARSH_B,38.875,-76.568,2026-06-13,0.2987,13.6775,170.973,18.204,1.11184,SYNTHETIC wetland teaching fixture
MARSH_B,38.875,-76.568,2026-06-14,0.2357,13.9469,178.355,17.999,1.03744,SYNTHETIC wetland teaching fixture
MARSH_B,38.875,-76.568,2026-06-15,0.2597,13.9744,169.7,17.788,1.11101,SYNTHETIC wetland teaching fixture
MARSH_B,38.875,-76.568,2026-06-16,0.2444,14.1314,177.992,17.572,1.03772,SYNTHETIC wetland teaching fixture
MARSH_B,38.875,-76.568,2026-06-17,0.2303,13.8665,177.759,17.35,1.06114,SYNTHETIC wetland teaching fixture
MARSH_B,38.875,-76.568,2026-06-18,0.1704,14.939,194.09,17.124,0.84077,SYNTHETIC wetland teaching fixture
MARSH_B,38.875,-76.568,2026-06-19,0.1896,14.3872,204.668,16.893,1.026,SYNTHETIC wetland teaching fixture
MARSH_B,38.875,-76.568,2026-06-20,0.1919,14.115,180.685,16.658,1.00132,SYNTHETIC wetland teaching fixture
MARSH_B,38.875,-76.568,2026-06-21,0.153,14.5192,216.586,16.419,0.87197,SYNTHETIC wetland teaching fixture
MARSH_B,38.875,-76.568,2026-06-22,0.1967,14.4687,176.859,16.176,1.12618,SYNTHETIC wetland teaching fixture
MARSH_B,38.875,-76.568,2026-06-23,0.1525,14.8608,194.067,15.93,0.93422,SYNTHETIC wetland teaching fixture
MARSH_B,38.875,-76.568,2026-06-24,0.1606,14.9046,206.076,15.68,0.99759,SYNTHETIC wetland teaching fixture
MARSH_B,38.875,-76.568,2026-06-25,0.1634,14.3468,192.361,15.427,0.95501,SYNTHETIC wetland teaching fixture
MARSH_B,38.875,-76.568,2026-06-26,0.1939,14.1019,187.668,15.172,0.98255,SYNTHETIC wetland teaching fixture
MARSH_B,38.875,-76.568,2026-06-27,0.2006,14.3033,171.475,14.914,1.03773,SYNTHETIC wetland teaching fixture
MARSH_B,38.875,-76.568,2026-06-28,0.2194,13.9965,206.344,14.654,0.97172,SYNTHETIC wetland teaching fixture
MARSH_B,38.875,-76.568,2026-06-29,0.2231,13.9252,185.014,14.392,0.99873,SYNTHETIC wetland teaching fixture
MARSH_C,38.89,-76.586,2026-04-01,0.5208,12.5963,75.635,13.0,1.23653,SYNTHETIC wetland teaching fixture
MARSH_C,38.89,-76.586,2026-04-02,0.5083,13.0314,102.517,13.267,1.08014,SYNTHETIC wetland teaching fixture
MARSH_C,38.89,-76.586,2026-04-03,0.5378,13.4622,101.129,13.533,1.12603,SYNTHETIC wetland teaching fixture
MARSH_C,38.89,-76.586,2026-04-04,0.4968,12.8428,79.123,13.799,1.03528,SYNTHETIC wetland teaching fixture
MARSH_C,38.89,-76.586,2026-04-05,0.5062,13.0614,127.561,14.064,1.13214,SYNTHETIC wetland teaching fixture
MARSH_C,38.89,-76.586,2026-04-06,0.5352,12.4228,82.281,14.327,1.2516,SYNTHETIC wetland teaching fixture
MARSH_C,38.89,-76.586,2026-04-07,0.5085,12.7035,77.148,14.589,1.08957,SYNTHETIC wetland teaching fixture
MARSH_C,38.89,-76.586,2026-04-08,0.4786,13.2019,107.45,14.85,1.15565,SYNTHETIC wetland teaching fixture
MARSH_C,38.89,-76.586,2026-04-09,0.499,12.8687,87.073,15.108,1.35089,SYNTHETIC wetland teaching fixture
MARSH_C,38.89,-76.586,2026-04-10,0.469,14.243,98.039,15.364,1.06643,SYNTHETIC wetland teaching fixture
MARSH_C,38.89,-76.586,2026-04-11,0.423,13.3657,97.946,15.618,1.19869,SYNTHETIC wetland teaching fixture
MARSH_C,38.89,-76.586,2026-04-12,0.3759,13.3738,154.964,15.868,1.10034,SYNTHETIC wetland teaching fixture
MARSH_C,38.89,-76.586,2026-04-13,0.3799,14.3904,129.395,16.115,1.18389,SYNTHETIC wetland teaching fixture
MARSH_C,38.89,-76.586,2026-04-14,0.3657,14.6968,125.954,16.359,1.15217,SYNTHETIC wetland teaching fixture
MARSH_C,38.89,-76.586,2026-04-15,0.3421,14.2584,134.995,16.599,1.34075,SYNTHETIC wetland teaching fixture
MARSH_C,38.89,-76.586,2026-04-16,0.3094,14.4518,159.382,16.835,1.16018,SYNTHETIC wetland teaching fixture
MARSH_C,38.89,-76.586,2026-04-17,0.2878,14.9738,167.91,17.067,1.09475,SYNTHETIC wetland teaching fixture
MARSH_C,38.89,-76.586,2026-04-18,0.2638,14.7359,166.869,17.295,1.18464,SYNTHETIC wetland teaching fixture
MARSH_C,38.89,-76.586,2026-04-19,0.2638,14.6679,157.832,17.517,1.08906,SYNTHETIC wetland teaching fixture
MARSH_C,38.89,-76.586,2026-04-20,0.2688,14.9641,183.894,17.735,0.96856,SYNTHETIC wetland teaching fixture
MARSH_C,38.89,-76.586,2026-04-21,0.2289,15.3682,197.901,17.947,0.96895,SYNTHETIC wetland teaching fixture
MARSH_C,38.89,-76.586,2026-04-22,0.2219,15.3011,213.344,18.154,1.01892,SYNTHETIC wetland teaching fixture
MARSH_C,38.89,-76.586,2026-04-23,0.1798,15.2755,215.937,18.355,0.95443,SYNTHETIC wetland teaching fixture
MARSH_C,38.89,-76.586,2026-04-24,0.1699,15.5013,199.987,18.55,1.08536,SYNTHETIC wetland teaching fixture
MARSH_C,38.89,-76.586,2026-04-25,0.2163,15.3457,165.975,18.739,1.15219,SYNTHETIC wetland teaching fixture
MARSH_C,38.89,-76.586,2026-04-26,0.1854,15.4442,201.746,18.921,1.06466,SYNTHETIC wetland teaching fixture
MARSH_C,38.89,-76.586,2026-04-27,0.1425,15.9027,198.59,19.097,1.02577,SYNTHETIC wetland teaching fixture
MARSH_C,38.89,-76.586,2026-04-28,0.1774,15.9149,203.995,19.267,1.06584,SYNTHETIC wetland teaching fixture
MARSH_C,38.89,-76.586,2026-04-29,0.197,15.1722,187.652,19.429,1.20659,SYNTHETIC wetland teaching fixture
MARSH_C,38.89,-76.586,2026-04-30,0.1726,15.5696,188.511,19.584,1.19107,SYNTHETIC wetland teaching fixture
MARSH_C,38.89,-76.586,2026-05-01,0.1923,15.785,204.722,19.732,0.85105,SYNTHETIC wetland teaching fixture
MARSH_C,38.89,-76.586,2026-05-02,0.2155,15.7356,175.575,19.872,1.00008,SYNTHETIC wetland teaching fixture
MARSH_C,38.89,-76.586,2026-05-03,0.2034,15.6372,207.105,20.005,1.10315,SYNTHETIC wetland teaching fixture
MARSH_C,38.89,-76.586,2026-05-04,0.2234,15.4057,179.049,20.13,1.0528,SYNTHETIC wetland teaching fixture
MARSH_C,38.89,-76.586,2026-05-05,0.2458,15.0492,172.756,20.247,1.23118,SYNTHETIC wetland teaching fixture
MARSH_C,38.89,-76.586,2026-05-06,0.247,14.707,198.201,20.356,1.04241,SYNTHETIC wetland teaching fixture
MARSH_C,38.89,-76.586,2026-05-07,0.2691,14.3426,158.973,20.456,1.12799,SYNTHETIC wetland teaching fixture
MARSH_C,38.89,-76.586,2026-05-08,0.2743,14.8131,156.132,20.549,1.05818,SYNTHETIC wetland teaching fixture
MARSH_C,38.89,-76.586,2026-05-09,0.3488,14.5894,142.295,20.633,1.16628,SYNTHETIC wetland teaching fixture
MARSH_C,38.89,-76.586,2026-05-10,0.3442,13.9021,143.448,20.708,1.21015,SYNTHETIC wetland teaching fixture
MARSH_C,38.89,-76.586,2026-05-11,0.392,14.1445,132.564,20.776,1.16534,SYNTHETIC wetland teaching fixture
MARSH_C,38.89,-76.586,2026-05-12,0.4587,12.2668,100.637,20.834,1.42957,SYNTHETIC wetland teaching fixture
MARSH_C,38.89,-76.586,2026-05-13,0.5508,12.4833,88.074,20.884,1.42392,SYNTHETIC wetland teaching fixture
MARSH_C,38.89,-76.586,2026-05-14,0.5975,11.9997,67.555,20.925,1.42034,SYNTHETIC wetland teaching fixture
MARSH_C,38.89,-76.586,2026-05-15,0.6646,11.1846,26.281,20.957,1.46024,SYNTHETIC wetland teaching fixture
MARSH_C,38.89,-76.586,2026-05-16,0.785,10.4832,8.334,20.98,1.54808,SYNTHETIC wetland teaching fixture
MARSH_C,38.89,-76.586,2026-05-17,0.839,10.4758,-16.542,20.994,1.5315,SYNTHETIC wetland teaching fixture
MARSH_C,38.89,-76.586,2026-05-18,0.9014,9.6589,-38.856,21.0,1.57879,SYNTHETIC wetland teaching fixture
MARSH_C,38.89,-76.586,2026-05-19,0.9165,9.2123,-38.695,20.997,1.65634,SYNTHETIC wetland teaching fixture
MARSH_C,38.89,-76.586,2026-05-20,0.9344,9.9419,-38.097,20.984,1.60062,SYNTHETIC wetland teaching fixture
MARSH_C,38.89,-76.586,2026-05-21,0.8757,9.9127,-25.921,20.963,1.54023,SYNTHETIC wetland teaching fixture
MARSH_C,38.89,-76.586,2026-05-22,0.8154,10.3207,-17.364,20.933,1.60885,SYNTHETIC wetland teaching fixture
MARSH_C,38.89,-76.586,2026-05-23,0.7716,11.4448,13.226,20.895,1.43879,SYNTHETIC wetland teaching fixture
MARSH_C,38.89,-76.586,2026-05-24,0.6543,12.7413,44.792,20.847,1.58573,SYNTHETIC wetland teaching fixture
MARSH_C,38.89,-76.586,2026-05-25,0.623,11.7519,52.179,20.791,1.54869,SYNTHETIC wetland teaching fixture
MARSH_C,38.89,-76.586,2026-05-26,0.5643,12.5424,63.976,20.726,1.4349,SYNTHETIC wetland teaching fixture
MARSH_C,38.89,-76.586,2026-05-27,0.5429,12.6935,91.037,20.652,1.26798,SYNTHETIC wetland teaching fixture
MARSH_C,38.89,-76.586,2026-05-28,0.4888,13.0813,114.957,20.57,1.23767,SYNTHETIC wetland teaching fixture
MARSH_C,38.89,-76.586,2026-05-29,0.4484,13.6283,115.012,20.48,1.29581,SYNTHETIC wetland teaching fixture
MARSH_C,38.89,-76.586,2026-05-30,0.458,13.2089,110.633,20.381,1.29292,SYNTHETIC wetland teaching fixture
MARSH_C,38.89,-76.586,2026-05-31,0.4372,13.3277,114.758,20.274,1.1712,SYNTHETIC wetland teaching fixture
MARSH_C,38.89,-76.586,2026-06-01,0.3835,13.7732,129.095,20.159,1.31577,SYNTHETIC wetland teaching fixture
MARSH_C,38.89,-76.586,2026-06-02,0.4166,13.8802,123.646,20.036,1.33071,SYNTHETIC wetland teaching fixture
MARSH_C,38.89,-76.586,2026-06-03,0.3705,13.4845,141.422,19.906,1.22569,SYNTHETIC wetland teaching fixture
MARSH_C,38.89,-76.586,2026-06-04,0.3643,14.1173,136.331,19.767,1.16868,SYNTHETIC wetland teaching fixture
MARSH_C,38.89,-76.586,2026-06-05,0.3076,14.5109,157.836,19.621,1.28105,SYNTHETIC wetland teaching fixture
MARSH_C,38.89,-76.586,2026-06-06,0.3224,14.3156,157.068,19.468,1.16496,SYNTHETIC wetland teaching fixture
MARSH_C,38.89,-76.586,2026-06-07,0.2755,14.911,159.726,19.307,1.05484,SYNTHETIC wetland teaching fixture
MARSH_C,38.89,-76.586,2026-06-08,0.2842,14.1693,159.362,19.14,1.22427,SYNTHETIC wetland teaching fixture
MARSH_C,38.89,-76.586,2026-06-09,0.2523,14.6937,190.464,18.966,1.07151,SYNTHETIC wetland teaching fixture
MARSH_C,38.89,-76.586,2026-06-10,0.2095,14.8197,196.459,18.785,1.17329,SYNTHETIC wetland teaching fixture
MARSH_C,38.89,-76.586,2026-06-11,0.2132,15.6798,178.87,18.597,1.10456,SYNTHETIC wetland teaching fixture
MARSH_C,38.89,-76.586,2026-06-12,0.229,15.1194,166.735,18.404,1.04656,SYNTHETIC wetland teaching fixture
MARSH_C,38.89,-76.586,2026-06-13,0.2014,15.2224,193.728,18.204,1.09103,SYNTHETIC wetland teaching fixture
MARSH_C,38.89,-76.586,2026-06-14,0.1672,15.8016,193.987,17.999,1.04373,SYNTHETIC wetland teaching fixture
MARSH_C,38.89,-76.586,2026-06-15,0.181,15.6147,211.02,17.788,0.95645,SYNTHETIC wetland teaching fixture
MARSH_C,38.89,-76.586,2026-06-16,0.1635,15.1468,188.64,17.572,1.01577,SYNTHETIC wetland teaching fixture
MARSH_C,38.89,-76.586,2026-06-17,0.1674,15.5928,201.464,17.35,0.9967,SYNTHETIC wetland teaching fixture
MARSH_C,38.89,-76.586,2026-06-18,0.1673,14.7321,219.4,17.124,1.15951,SYNTHETIC wetland teaching fixture
MARSH_C,38.89,-76.586,2026-06-19,0.1447,15.6649,199.771,16.893,1.01451,SYNTHETIC wetland teaching fixture
MARSH_C,38.89,-76.586,2026-06-20,0.1503,16.3462,228.359,16.658,0.82306,SYNTHETIC wetland teaching fixture
MARSH_C,38.89,-76.586,2026-06-21,0.1927,15.2395,189.788,16.419,0.92361,SYNTHETIC wetland teaching fixture
MARSH_C,38.89,-76.586,2026-06-22,0.2206,15.5473,174.411,16.176,0.90059,SYNTHETIC wetland teaching fixture
MARSH_C,38.89,-76.586,2026-06-23,0.2403,14.8694,202.079,15.93,0.86347,SYNTHETIC wetland teaching fixture
MARSH_C,38.89,-76.586,2026-06-24,0.2498,14.1554,178.448,15.68,0.98328,SYNTHETIC wetland teaching fixture
MARSH_C,38.89,-76.586,2026-06-25,0.25,15.0888,190.564,15.427,0.86345,SYNTHETIC wetland teaching fixture
MARSH_C,38.89,-76.586,2026-06-26,0.2837,14.601,178.727,15.172,0.99021,SYNTHETIC wetland teaching fixture
MARSH_C,38.89,-76.586,2026-06-27,0.3072,15.0034,160.316,14.914,1.05761,SYNTHETIC wetland teaching fixture
MARSH_C,38.89,-76.586,2026-06-28,0.3036,14.6172,153.53,14.654,1.03729,SYNTHETIC wetland teaching fixture
MARSH_C,38.89,-76.586,2026-06-29,0.3348,14.3355,140.581,14.392,1.07608,SYNTHETIC wetland teaching fixture
MARSH_D,38.905,-76.604,2026-04-01,0.5204,14.2429,78.578,13.0,1.12842,SYNTHETIC wetland teaching fixture
MARSH_D,38.905,-76.604,2026-04-02,0.5019,13.973,112.423,13.267,1.02967,SYNTHETIC wetland teaching fixture
MARSH_D,38.905,-76.604,2026-04-03,0.4588,14.2041,110.519,13.533,1.06489,SYNTHETIC wetland teaching fixture
MARSH_D,38.905,-76.604,2026-04-04,0.4706,14.158,101.403,13.799,1.19678,SYNTHETIC wetland teaching fixture
MARSH_D,38.905,-76.604,2026-04-05,0.4538,13.695,96.943,14.064,1.17064,SYNTHETIC wetland teaching fixture
MARSH_D,38.905,-76.604,2026-04-06,0.437,14.583,121.821,14.327,1.15337,SYNTHETIC wetland teaching fixture
MARSH_D,38.905,-76.604,2026-04-07,0.4309,14.4228,106.472,14.589,1.0984,SYNTHETIC wetland teaching fixture
MARSH_D,38.905,-76.604,2026-04-08,0.3794,15.3122,133.674,14.85,1.06083,SYNTHETIC wetland teaching fixture
MARSH_D,38.905,-76.604,2026-04-09,0.3637,15.0214,146.917,15.108,0.98443,SYNTHETIC wetland teaching fixture
MARSH_D,38.905,-76.604,2026-04-10,0.3314,15.8856,149.577,15.364,1.04478,SYNTHETIC wetland teaching fixture
MARSH_D,38.905,-76.604,2026-04-11,0.3344,15.4224,142.033,15.618,1.00488,SYNTHETIC wetland teaching fixture
MARSH_D,38.905,-76.604,2026-04-12,0.3091,15.5109,160.883,15.868,1.07507,SYNTHETIC wetland teaching fixture
MARSH_D,38.905,-76.604,2026-04-13,0.2988,15.6881,149.811,16.115,1.14427,SYNTHETIC wetland teaching fixture
MARSH_D,38.905,-76.604,2026-04-14,0.2454,15.8479,181.778,16.359,0.97459,SYNTHETIC wetland teaching fixture
MARSH_D,38.905,-76.604,2026-04-15,0.2052,16.4162,184.048,16.599,1.01283,SYNTHETIC wetland teaching fixture
MARSH_D,38.905,-76.604,2026-04-16,0.2267,16.1871,191.019,16.835,1.11612,SYNTHETIC wetland teaching fixture
MARSH_D,38.905,-76.604,2026-04-17,0.2031,15.5932,192.332,17.067,1.10745,SYNTHETIC wetland teaching fixture
MARSH_D,38.905,-76.604,2026-04-18,0.2096,16.3468,193.635,17.295,0.98856,SYNTHETIC wetland teaching fixture
MARSH_D,38.905,-76.604,2026-04-19,0.1971,16.6882,206.2,17.517,0.93053,SYNTHETIC wetland teaching fixture
MARSH_D,38.905,-76.604,2026-04-20,0.1771,16.478,197.269,17.735,0.97385,SYNTHETIC wetland teaching fixture
MARSH_D,38.905,-76.604,2026-04-21,0.1713,16.4339,199.101,17.947,1.00682,SYNTHETIC wetland teaching fixture
MARSH_D,38.905,-76.604,2026-04-22,0.1899,16.5588,188.117,18.154,0.95539,SYNTHETIC wetland teaching fixture
MARSH_D,38.905,-76.604,2026-04-23,0.1564,17.0992,215.284,18.355,0.98989,SYNTHETIC wetland teaching fixture
MARSH_D,38.905,-76.604,2026-04-24,0.172,16.4673,226.707,18.55,0.90565,SYNTHETIC wetland teaching fixture
MARSH_D,38.905,-76.604,2026-04-25,0.1554,16.5255,195.438,18.739,1.19809,SYNTHETIC wetland teaching fixture
MARSH_D,38.905,-76.604,2026-04-26,0.1834,16.6722,189.646,18.921,1.25833,SYNTHETIC wetland teaching fixture
MARSH_D,38.905,-76.604,2026-04-27,0.2009,16.7411,189.444,19.097,1.12191,SYNTHETIC wetland teaching fixture
MARSH_D,38.905,-76.604,2026-04-28,0.2255,16.1205,190.08,19.267,1.08344,SYNTHETIC wetland teaching fixture
MARSH_D,38.905,-76.604,2026-04-29,0.2511,15.7685,185.751,19.429,1.00005,SYNTHETIC wetland teaching fixture
MARSH_D,38.905,-76.604,2026-04-30,0.2676,15.7477,170.355,19.584,1.05886,SYNTHETIC wetland teaching fixture
MARSH_D,38.905,-76.604,2026-05-01,0.3013,15.4889,175.353,19.732,1.10861,SYNTHETIC wetland teaching fixture
MARSH_D,38.905,-76.604,2026-05-02,0.278,15.3009,167.6,19.872,1.12646,SYNTHETIC wetland teaching fixture
MARSH_D,38.905,-76.604,2026-05-03,0.317,15.3026,148.084,20.005,1.17159,SYNTHETIC wetland teaching fixture
MARSH_D,38.905,-76.604,2026-05-04,0.3609,14.6253,143.876,20.13,1.17904,SYNTHETIC wetland teaching fixture
MARSH_D,38.905,-76.604,2026-05-05,0.3635,15.5903,128.038,20.247,1.31655,SYNTHETIC wetland teaching fixture
MARSH_D,38.905,-76.604,2026-05-06,0.4088,15.063,119.388,20.356,1.29578,SYNTHETIC wetland teaching fixture
MARSH_D,38.905,-76.604,2026-05-07,0.4267,14.4655,93.257,20.456,1.31585,SYNTHETIC wetland teaching fixture
MARSH_D,38.905,-76.604,2026-05-08,0.4208,14.9442,128.681,20.549,1.29099,SYNTHETIC wetland teaching fixture
MARSH_D,38.905,-76.604,2026-05-09,0.43,14.7103,122.979,20.633,1.31369,SYNTHETIC wetland teaching fixture
MARSH_D,38.905,-76.604,2026-05-10,0.505,14.1676,96.943,20.708,1.20258,SYNTHETIC wetland teaching fixture
MARSH_D,38.905,-76.604,2026-05-11,0.5281,13.7922,95.562,20.776,1.24397,SYNTHETIC wetland teaching fixture
MARSH_D,38.905,-76.604,2026-05-12,0.5488,13.6864,79.81,20.834,1.4067,SYNTHETIC wetland teaching fixture
MARSH_D,38.905,-76.604,2026-05-13,0.6181,13.1492,59.908,20.884,1.4474,SYNTHETIC wetland teaching fixture
MARSH_D,38.905,-76.604,2026-05-14,0.6902,12.6683,25.017,20.925,1.44377,SYNTHETIC wetland teaching fixture
MARSH_D,38.905,-76.604,2026-05-15,0.7606,12.1598,10.063,20.957,1.59852,SYNTHETIC wetland teaching fixture
MARSH_D,38.905,-76.604,2026-05-16,0.8099,11.7608,-3.602,20.98,1.53693,SYNTHETIC wetland teaching fixture
MARSH_D,38.905,-76.604,2026-05-17,0.8763,11.656,-49.209,20.994,1.46517,SYNTHETIC wetland teaching fixture
MARSH_D,38.905,-76.604,2026-05-18,0.917,10.2768,-42.527,21.0,1.60369,SYNTHETIC wetland teaching fixture
MARSH_D,38.905,-76.604,2026-05-19,0.9413,10.9249,-34.729,20.997,1.6298,SYNTHETIC wetland teaching fixture
MARSH_D,38.905,-76.604,2026-05-20,0.9117,10.954,-30.886,20.984,1.71231,SYNTHETIC wetland teaching fixture
MARSH_D,38.905,-76.604,2026-05-21,0.8698,11.327,-17.092,20.963,1.59405,SYNTHETIC wetland teaching fixture
MARSH_D,38.905,-76.604,2026-05-22,0.7804,12.1061,20.312,20.933,1.48108,SYNTHETIC wetland teaching fixture
MARSH_D,38.905,-76.604,2026-05-23,0.6862,12.4763,33.58,20.895,1.42464,SYNTHETIC wetland teaching fixture
MARSH_D,38.905,-76.604,2026-05-24,0.6236,13.2593,62.816,20.847,1.36992,SYNTHETIC wetland teaching fixture
MARSH_D,38.905,-76.604,2026-05-25,0.5185,14.0814,100.895,20.791,1.32036,SYNTHETIC wetland teaching fixture
MARSH_D,38.905,-76.604,2026-05-26,0.4786,14.1262,105.134,20.726,1.25838,SYNTHETIC wetland teaching fixture
MARSH_D,38.905,-76.604,2026-05-27,0.4492,14.2537,109.041,20.652,1.1498,SYNTHETIC wetland teaching fixture
MARSH_D,38.905,-76.604,2026-05-28,0.3982,14.8095,146.374,20.57,1.35072,SYNTHETIC wetland teaching fixture
MARSH_D,38.905,-76.604,2026-05-29,0.3834,14.593,153.236,20.48,1.15567,SYNTHETIC wetland teaching fixture
MARSH_D,38.905,-76.604,2026-05-30,0.3338,14.7581,157.306,20.381,1.06846,SYNTHETIC wetland teaching fixture
MARSH_D,38.905,-76.604,2026-05-31,0.3149,15.6598,165.17,20.274,1.007,SYNTHETIC wetland teaching fixture
MARSH_D,38.905,-76.604,2026-06-01,0.3029,15.644,166.637,20.159,1.23769,SYNTHETIC wetland teaching fixture
MARSH_D,38.905,-76.604,2026-06-02,0.2854,15.933,156.222,20.036,1.10786,SYNTHETIC wetland teaching fixture
MARSH_D,38.905,-76.604,2026-06-03,0.2905,15.2636,161.077,19.906,1.18985,SYNTHETIC wetland teaching fixture
MARSH_D,38.905,-76.604,2026-06-04,0.1971,16.0539,193.603,19.767,1.05421,SYNTHETIC wetland teaching fixture
MARSH_D,38.905,-76.604,2026-06-05,0.2373,16.6236,175.033,19.621,1.07145,SYNTHETIC wetland teaching fixture
MARSH_D,38.905,-76.604,2026-06-06,0.2385,16.0948,186.956,19.468,1.16363,SYNTHETIC wetland teaching fixture
MARSH_D,38.905,-76.604,2026-06-07,0.2243,16.8588,178.525,19.307,1.18293,SYNTHETIC wetland teaching fixture
MARSH_D,38.905,-76.604,2026-06-08,0.1821,16.4583,187.868,19.14,1.29223,SYNTHETIC wetland teaching fixture
MARSH_D,38.905,-76.604,2026-06-09,0.1647,16.2946,210.226,18.966,1.09459,SYNTHETIC wetland teaching fixture
MARSH_D,38.905,-76.604,2026-06-10,0.1635,16.4909,204.608,18.785,1.09864,SYNTHETIC wetland teaching fixture
MARSH_D,38.905,-76.604,2026-06-11,0.1575,16.4102,197.136,18.597,1.06187,SYNTHETIC wetland teaching fixture
MARSH_D,38.905,-76.604,2026-06-12,0.171,17.1104,203.109,18.404,1.07203,SYNTHETIC wetland teaching fixture
MARSH_D,38.905,-76.604,2026-06-13,0.1668,16.9184,212.72,18.204,1.10457,SYNTHETIC wetland teaching fixture
MARSH_D,38.905,-76.604,2026-06-14,0.2177,15.788,184.098,17.999,0.91719,SYNTHETIC wetland teaching fixture
MARSH_D,38.905,-76.604,2026-06-15,0.1685,16.6016,185.347,17.788,1.08238,SYNTHETIC wetland teaching fixture
MARSH_D,38.905,-76.604,2026-06-16,0.19,16.23,183.111,17.572,0.94662,SYNTHETIC wetland teaching fixture
MARSH_D,38.905,-76.604,2026-06-17,0.2022,15.498,180.343,17.35,1.03241,SYNTHETIC wetland teaching fixture
MARSH_D,38.905,-76.604,2026-06-18,0.2366,15.6059,196.229,17.124,0.97925,SYNTHETIC wetland teaching fixture
MARSH_D,38.905,-76.604,2026-06-19,0.2547,16.1589,176.497,16.893,1.12285,SYNTHETIC wetland teaching fixture
MARSH_D,38.905,-76.604,2026-06-20,0.2621,15.5708,167.247,16.658,1.05101,SYNTHETIC wetland teaching fixture
MARSH_D,38.905,-76.604,2026-06-21,0.2885,15.9446,159.69,16.419,1.02965,SYNTHETIC wetland teaching fixture
MARSH_D,38.905,-76.604,2026-06-22,0.3214,15.1627,152.211,16.176,1.18346,SYNTHETIC wetland teaching fixture
MARSH_D,38.905,-76.604,2026-06-23,0.3464,15.3951,147.026,15.93,1.10854,SYNTHETIC wetland teaching fixture
MARSH_D,38.905,-76.604,2026-06-24,0.3433,14.7568,156.652,15.68,1.02369,SYNTHETIC wetland teaching fixture
MARSH_D,38.905,-76.604,2026-06-25,0.3839,14.8652,124.613,15.427,0.9497,SYNTHETIC wetland teaching fixture
MARSH_D,38.905,-76.604,2026-06-26,0.387,14.915,130.854,15.172,0.95899,SYNTHETIC wetland teaching fixture
MARSH_D,38.905,-76.604,2026-06-27,0.4164,14.9501,108.582,14.914,1.07995,SYNTHETIC wetland teaching fixture
MARSH_D,38.905,-76.604,2026-06-28,0.4249,15.072,110.679,14.654,0.94537,SYNTHETIC wetland teaching fixture
MARSH_D,38.905,-76.604,2026-06-29,0.4773,13.8923,124.899,14.392,1.04321,SYNTHETIC wetland teaching fixture
